{
    "dataset": "VTM-Data",
    "l1": 0.35,
    "l2": 0,
    "nit": 50,
    "IOU": 1419.717529296875,
    "IOU_run": [
        17.197694778442383,
        1.5325196981430054,
        1.7945952415466309,
        0.7299878597259521,
        1.5795772075653076,
        2.920360803604126,
        4.947120189666748,
        2.911818027496338,
        3.845802068710327,
        3.3237993717193604,
        3.79671049118042,
        3.5729897022247314,
        4.107123851776123,
        4.595344543457031,
        4.776426315307617,
        4.962901592254639,
        5.267612457275391,
        5.786564350128174,
        5.167497158050537,
        5.8216872215271,
        5.686290740966797,
        5.716699600219727,
        5.779882431030273,
        5.898292064666748,
        5.862609386444092,
        6.28562068939209,
        5.708613395690918,
        5.958696365356445,
        5.890564918518066,
        6.21201753616333,
        5.9545793533325195,
        5.750741004943848,
        5.9742937088012695,
        5.765264511108398,
        5.773755073547363,
        6.052924633026123,
        5.820578575134277,
        6.146029949188232,
        5.923093795776367,
        6.301074504852295,
        5.832458972930908,
        5.92551326751709,
        6.190800666809082,
        5.871145725250244,
        5.950567722320557,
        6.303830146789551,
        5.754240989685059,
        6.184935092926025,
        5.78862190246582,
        5.890944004058838
    ],
    "nuc_norm_run": [
        0.0,
        1638.71240234375,
        1187.025390625,
        903.2718505859375,
        623.6474609375,
        444.81414794921875,
        344.8431091308594,
        452.9065856933594,
        492.7113952636719,
        483.95556640625,
        434.68426513671875,
        385.396728515625,
        335.0181579589844,
        291.62066650390625,
        255.6479949951172,
        225.08084106445312,
        200.3513641357422,
        178.8462371826172,
        162.5992431640625,
        146.8067169189453,
        134.12786865234375,
        122.86758422851562,
        112.8808822631836,
        104.08122253417969,
        96.43711853027344,
        89.46923065185547,
        84.39513397216797,
        78.76636505126953,
        73.90217590332031,
        69.40251159667969,
        66.46873474121094,
        63.15131759643555,
        59.76233673095703,
        57.84136199951172,
        54.98286056518555,
        52.22712326049805,
        49.9808464050293,
        47.604148864746094,
        45.708404541015625,
        43.731544494628906,
        42.48651123046875,
        40.79026794433594,
        39.176185607910156,
        38.00519561767578,
        36.70014190673828,
        35.37179183959961,
        34.66261672973633,
        33.43012619018555,
        32.78426742553711,
        31.72829818725586
    ],
    "MAP": 0.00487125801256311,
    "AttackRate": 0.6335104703903198,
    "BoxRatios": [
        1.0,
        0.12781573832035065,
        0.13971146941184998,
        0.053657300770282745,
        0.111617311835289,
        0.21690711379051208,
        0.34649455547332764,
        0.19514046609401703,
        0.2548721730709076,
        0.2179195135831833,
        0.24905087053775787,
        0.23588964343070984,
        0.27284231781959534,
        0.3024550676345825,
        0.31283220648765564,
        0.3262465298175812,
        0.34371045231819153,
        0.3783852159976959,
        0.3340926468372345,
        0.3743356168270111,
        0.3672488033771515,
        0.3675018846988678,
        0.3697797954082489,
        0.3776259124279022,
        0.3748418092727661,
        0.4014173746109009,
        0.3654770851135254,
        0.380663126707077,
        0.3745886981487274,
        0.39357125759124756,
        0.3766135275363922,
        0.3626929819583893,
        0.3758542239665985,
        0.3611743748188019,
        0.3616805970668793,
        0.3791445195674896,
        0.363452285528183,
        0.38395342230796814,
        0.3702860176563263,
        0.39483675360679626,
        0.3631992042064667,
        0.3695267140865326,
        0.38673752546310425,
        0.3669956922531128,
        0.3702860176563263,
        0.39255884289741516,
        0.35687166452407837,
        0.38420653343200684,
        0.3599088788032532,
        0.3664894998073578
    ],
    "BoxRatio": 0.3664894998073578,
    "nuc_norm": 30.797592499565877
}