{
    "dataset": "VTM-Data",
    "l1": 0.35,
    "l2": 0,
    "nit": 50,
    "IOU": 1672.1549072265625,
    "IOU_run": [
        17.197694778442383,
        2.1978814601898193,
        3.137596845626831,
        4.412637710571289,
        7.046985626220703,
        6.829663276672363,
        7.489090442657471,
        9.206865310668945,
        8.61074447631836,
        9.539692878723145,
        9.589158058166504,
        9.383648872375488,
        9.447382926940918,
        9.456766128540039,
        9.210123062133789,
        9.12088394165039,
        8.85744571685791,
        8.525308609008789,
        8.38399600982666,
        8.247808456420898,
        8.134283065795898,
        8.082200050354004,
        7.816652774810791,
        8.05997371673584,
        7.846197128295898,
        7.942919731140137,
        7.8749165534973145,
        7.351040363311768,
        7.4744553565979,
        7.256802082061768,
        7.406963348388672,
        7.39368200302124,
        7.420418739318848,
        7.43169641494751,
        7.28279972076416,
        7.170722007751465,
        7.1819562911987305,
        7.147442817687988,
        7.1013946533203125,
        7.068777084350586,
        7.091512203216553,
        7.032094478607178,
        7.042051792144775,
        6.999574184417725,
        7.019515037536621,
        6.945565700531006,
        7.006355285644531,
        6.9297895431518555,
        6.984999656677246,
        6.93840217590332
    ],
    "nuc_norm_run": [
        0.0,
        751.97900390625,
        427.9405517578125,
        264.09637451171875,
        176.19894409179688,
        177.59820556640625,
        152.8035888671875,
        123.07159423828125,
        118.42924499511719,
        108.3539047241211,
        94.70269012451172,
        82.72227478027344,
        72.36236572265625,
        63.797454833984375,
        56.91735076904297,
        51.148406982421875,
        46.50608444213867,
        42.61040496826172,
        39.22236633300781,
        36.30408477783203,
        33.822593688964844,
        31.726970672607422,
        30.990936279296875,
        29.168060302734375,
        27.61322021484375,
        26.032827377319336,
        24.767593383789062,
        24.120403289794922,
        22.982681274414062,
        22.084897994995117,
        21.10020637512207,
        20.28438377380371,
        19.55105209350586,
        18.924840927124023,
        18.4459285736084,
        17.97681427001953,
        17.47031021118164,
        17.014726638793945,
        16.58985710144043,
        16.182235717773438,
        15.790950775146484,
        15.459556579589844,
        15.131158828735352,
        14.847311973571777,
        14.544424057006836,
        14.300725936889648,
        14.0145263671875,
        13.784439086914062,
        13.54228401184082,
        13.33557415008545
    ],
    "MAP": 0.005591055578259941,
    "AttackRate": 0.5715008974075317,
    "BoxRatios": [
        1.0,
        0.16932421922683716,
        0.20475828647613525,
        0.2958744764328003,
        0.46924829483032227,
        0.4436851441860199,
        0.4849405288696289,
        0.6018729209899902,
        0.5479625463485718,
        0.6132624745368958,
        0.6135155558586121,
        0.5978233218193054,
        0.6026322245597839,
        0.602885365486145,
        0.5902303457260132,
        0.5801063179969788,
        0.5618830919265747,
        0.5388509035110474,
        0.5294861793518066,
        0.5198683738708496,
        0.5087319612503052,
        0.5049354434013367,
        0.4839281141757965,
        0.49759554862976074,
        0.4836750328540802,
        0.487724632024765,
        0.4844343066215515,
        0.4522905647754669,
        0.46013668179512024,
        0.4457099437713623,
        0.45608705282211304,
        0.455074667930603,
        0.45608705282211304,
        0.45709946751594543,
        0.4479878544807434,
        0.4421665370464325,
        0.4431789517402649,
        0.4409010410308838,
        0.438370019197464,
        0.4355859160423279,
        0.436851441860199,
        0.43330803513526917,
        0.4348266124725342,
        0.43153631687164307,
        0.43305492401123047,
        0.42824602127075195,
        0.43229562044143677,
        0.42748671770095825,
        0.43103012442588806,
        0.42849910259246826
    ],
    "BoxRatio": 0.42849910259246826,
    "nuc_norm": 13.127708074027993
}