{
    "dataset": "VTM-Data",
    "l1": 0.0065,
    "l2": 0,
    "nit": 20,
    "IOU": 511.9676208496094,
    "IOU_run": [
        17.197694778442383,
        4.575625896453857,
        3.0215604305267334,
        2.869269371032715,
        2.6441307067871094,
        2.51566743850708,
        2.386326313018799,
        2.6636431217193604,
        2.2250726222991943,
        2.319420337677002,
        2.433021068572998,
        2.4125137329101562,
        2.251189708709717,
        2.27205753326416,
        2.2371554374694824,
        2.3035714626312256,
        2.101435899734497,
        2.201577663421631,
        2.1227152347564697,
        2.124346971511841
    ],
    "nuc_norm_run": [
        0.0,
        1019.0658569335938,
        738.5159912109375,
        591.0407104492188,
        487.5866394042969,
        425.68084716796875,
        355.4132080078125,
        309.048095703125,
        278.8326110839844,
        248.26756286621094,
        238.97000122070312,
        221.99267578125,
        207.2335662841797,
        191.65899658203125,
        177.46636962890625,
        164.38235473632812,
        154.0677490234375,
        143.2727508544922,
        135.0760498046875,
        127.94188690185547
    ],
    "MAP": 0.002648248147052102,
    "AttackRate": 0.868134617805481,
    "BoxRatios": [
        1.0,
        0.2991647720336914,
        0.19716528058052063,
        0.1857757568359375,
        0.17388002574443817,
        0.15894709527492523,
        0.16147810220718384,
        0.16805872321128845,
        0.1430017650127411,
        0.15337888896465302,
        0.15489749610424042,
        0.1516071856021881,
        0.13996456563472748,
        0.14224247634410858,
        0.13996456563472748,
        0.1427486687898636,
        0.13110604882240295,
        0.13718046247959137,
        0.13186535239219666,
        0.13186535239219666
    ],
    "BoxRatio": 0.13186535239219666,
    "nuc_norm": 121.82380068767822
}